Task,NumPy (s),pandas (s)
Rolling Mean/Var,0.3154566287994385,0.0127105712890625
EWMA,0.3154566287994385,0.0127105712890625
FFT Spectrum,0.06356596946716309,
Band-pass Filter,0.0323183536529541,
